{
  "train_loss": [
    0.9142251797020435,
    0.7129996791481972,
    0.5797152444720268,
    0.5027469769120216,
    0.42867852188646793,
    0.42211066372692585,
    0.36081198044121265,
    0.3448163717985153,
    0.33419263921678066,
    0.3092174772173166,
    0.31837781984359026,
    0.2839949447661638,
    0.3331372048705816,
    0.2806987166404724,
    0.3050254173576832,
    0.2686573341488838,
    0.2772759906947613,
    0.2783440686762333,
    0.2833180436864495,
    0.27221742551773787,
    0.27683875523507595,
    0.27249594032764435,
    0.26818622276186943,
    0.26930183731019497,
    0.28285481315106153,
    0.25084677524864674,
    0.26383815333247185,
    0.2620055880397558,
    0.25575900822877884,
    0.2694734325632453,
    0.25150194112211466,
    0.2528769336640835,
    0.26232299767434597,
    0.2652571015059948,
    0.25176554918289185,
    0.23374671302735806,
    0.245341582223773,
    0.24835150502622128,
    0.24691512063145638,
    0.23682719375938177,
    0.2524817045778036,
    0.24987474270164967,
    0.23345390893518925,
    0.25521394051611423,
    0.23313393536955118,
    0.25583466142416,
    0.25896440353244543,
    0.2496670838445425,
    0.24968106299638748,
    0.23991612158715725,
    0.26253240182995796,
    0.28389520943164825,
    0.2880700221285224,
    0.2696362119168043,
    0.2545440560206771,
    0.3016551733016968,
    0.24694211408495903,
    0.27837481815367937,
    0.27491978742182255,
    0.2757166363298893,
    0.260635556653142,
    0.26522006280720234,
    0.24817798845469952,
    0.2632004376500845,
    0.30001502949744463,
    0.26029924489557743,
    0.28794717974960804,
    0.2751426864415407
  ],
  "val_loss": [
    0.8056021332740784,
    0.5697689056396484,
    0.39765526354312897,
    0.36796605587005615,
    0.40574145317077637,
    0.4249933212995529,
    0.4112234562635422,
    0.40477967262268066,
    0.3763357028365135,
    0.3612348586320877,
    0.3622785210609436,
    0.3972100168466568,
    0.36153313517570496,
    0.37520889937877655,
    0.37735259532928467,
    0.38997186720371246,
    0.3633091375231743,
    0.35160768032073975,
    0.37848740071058273,
    0.3643556535243988,
    0.35361941158771515,
    0.48734913766384125,
    0.3984438478946686,
    0.3853147402405739,
    0.428030289709568,
    0.40962229669094086,
    0.400083526968956,
    0.397974893450737,
    0.42111657559871674,
    0.3890596479177475,
    0.4163455218076706,
    0.40504877269268036,
    0.4085876792669296,
    0.39611606299877167,
    0.41744641959667206,
    0.4066268652677536,
    0.40894412994384766,
    0.40883471071720123,
    0.40499553084373474,
    0.40130238234996796,
    0.3956787437200546,
    0.39836089313030243,
    0.39369963109493256,
    0.3993069678544998,
    0.3963153511285782,
    0.39910851418972015,
    0.3986058980226517,
    0.40223751962184906,
    0.4016079157590866,
    0.4033089280128479,
    0.4349342882633209,
    0.4534212648868561,
    0.40337905287742615,
    0.41826771199703217,
    0.3643815144896507,
    0.3858112096786499,
    0.3909667283296585,
    0.4126958101987839,
    0.3699033558368683,
    0.43470004200935364,
    0.3830774575471878,
    0.3731970191001892,
    0.39949020743370056,
    0.45805439352989197,
    0.43430282175540924,
    0.39212480932474136,
    0.42175157368183136,
    0.4293757975101471
  ],
  "train_l_data": [
    0.9142251797020435,
    0.7129996791481972,
    0.5797152444720268,
    0.5027469769120216,
    0.42867852188646793,
    0.42211066372692585,
    0.36081198044121265,
    0.3448163717985153,
    0.33419263921678066,
    0.3092174772173166,
    0.31837781984359026,
    0.2839949447661638,
    0.3331372048705816,
    0.2806987166404724,
    0.3050254173576832,
    0.2686573341488838,
    0.2772759906947613,
    0.2783440686762333,
    0.2833180436864495,
    0.27221742551773787,
    0.27683875523507595,
    0.27249594032764435,
    0.26818622276186943,
    0.26930183731019497,
    0.28285481315106153,
    0.25084677524864674,
    0.26383815333247185,
    0.2620055880397558,
    0.25575900822877884,
    0.2694734325632453,
    0.25150194112211466,
    0.2528769336640835,
    0.26232299767434597,
    0.2652571015059948,
    0.25176554918289185,
    0.23374671302735806,
    0.245341582223773,
    0.24835150502622128,
    0.24691512063145638,
    0.23682719375938177,
    0.2524817045778036,
    0.24987474270164967,
    0.23345390893518925,
    0.25521394051611423,
    0.23313393536955118,
    0.25583466142416,
    0.25896440353244543,
    0.2496670838445425,
    0.24968106299638748,
    0.23991612158715725,
    0.26253240182995796,
    0.28389520943164825,
    0.2880700221285224,
    0.2696362119168043,
    0.2545440560206771,
    0.3016551733016968,
    0.24694211408495903,
    0.27837481815367937,
    0.27491978742182255,
    0.2757166363298893,
    0.260635556653142,
    0.26522006280720234,
    0.24817798845469952,
    0.2632004376500845,
    0.30001502949744463,
    0.26029924489557743,
    0.28794717974960804,
    0.2751426864415407
  ],
  "train_l_physics": [
    1.7432097345476683e-10,
    1.7741146919603157e-10,
    1.7352925780339534e-10,
    1.690938881970805e-10,
    1.6598636441017556e-10,
    1.6827753947235013e-10,
    1.6863171189290815e-10,
    1.7246972426609997e-10,
    1.7332295321192959e-10,
    1.7264370141822916e-10,
    1.6661858785044226e-10,
    1.7349688699597188e-10,
    1.6694421626356482e-10,
    1.7065688445727645e-10,
    1.709827271087483e-10,
    1.669208859675364e-10,
    1.6536226034313817e-10,
    1.7292442824889953e-10,
    1.7121324236840652e-10,
    1.728518708374316e-10,
    1.7749302028136071e-10,
    1.6854357666462594e-10,
    1.6816092008459238e-10,
    1.7118803336685362e-10,
    1.6666006942556155e-10,
    1.7251825315534042e-10,
    1.7703919840544868e-10,
    1.6931265937880635e-10,
    1.713562815947034e-10,
    1.8027588016139573e-10,
    1.7161913556940078e-10,
    1.6655506834828415e-10,
    1.7137488216717456e-10,
    1.7265369776225947e-10,
    1.714225315516127e-10,
    1.747003791630064e-10,
    1.7138277949579894e-10,
    1.6662852434651265e-10,
    1.6901000304131442e-10,
    1.650878123440891e-10,
    1.6927689631962561e-10,
    1.697474851652947e-10,
    1.678435862517702e-10,
    1.7516944839091053e-10,
    1.6645399815440332e-10,
    1.7130754453864583e-10,
    1.723953948346013e-10,
    1.6798927353345317e-10,
    1.7634817651296375e-10,
    1.7520378377267054e-10,
    1.7272420299585534e-10,
    1.7298437508805886e-10,
    1.7730680638983198e-10,
    1.6696568606866524e-10,
    1.6747201715683335e-10,
    1.7534643789035576e-10,
    1.788805509966851e-10,
    1.6604353655913506e-10,
    1.7674621141661184e-10,
    1.6511101080113333e-10,
    1.7093112689159362e-10,
    1.64300528043837e-10,
    1.7065812738664699e-10,
    1.7509738711035672e-10,
    1.7262241028964675e-10,
    1.7236096924722055e-10,
    1.8049158435201607e-10,
    1.7291333035546197e-10
  ],
  "train_l_bc": [
    0.0,
    0.0,
    0.0,
    0.0,
    0.0,
    0.0,
    0.0,
    0.0,
    0.0,
    0.0,
    0.0,
    0.0,
    0.0,
    0.0,
    0.0,
    0.0,
    0.0,
    0.0,
    0.0,
    0.0,
    0.0,
    0.0,
    0.0,
    0.0,
    0.0,
    0.0,
    0.0,
    0.0,
    0.0,
    0.0,
    0.0,
    0.0,
    0.0,
    0.0,
    0.0,
    0.0,
    0.0,
    0.0,
    0.0,
    0.0,
    0.0,
    0.0,
    0.0,
    0.0,
    0.0,
    0.0,
    0.0,
    0.0,
    0.0,
    0.0,
    0.0,
    0.0,
    0.0,
    0.0,
    0.0,
    0.0,
    0.0,
    0.0,
    0.0,
    0.0,
    0.0,
    0.0,
    0.0,
    0.0,
    0.0,
    0.0,
    0.0,
    0.0
  ],