{
  "train_loss": [
    49234892530.30446
  ],
  "val_loss": [
    5208.9783269708805
  ],
  "train_l_data": [
    1.000460293918553
  ],
  "train_l_physics": [
    492348921912.64355
  ],
  "train_l_bc": [
    0.0
  ],
  "learning_rate": [
    0.0009990143508499217
  ],
  "epoch_time_s": [
    116.70209236499795
  ],
  "best_epoch": 1,
  "best_val_loss": 5208.9783269708805,
  "total_time_s": 116.724182157006
}
